resonance_freq_ch0,resonance_freq_ch1
1.5,1.377755511022044
1.498997995991984,1.3787575150300602
1.1472945891783568,1.3827655310621243
1.1713426853707414,1.3847695390781563
1.2044088176352705,1.3857715430861723
1.2615230460921842,1.3887775551102204
1.2755511022044088,1.3907815631262523
1.2995991983967936,1.2995991983967936
1.3236472945891784,1.3226452905811623
1.342685370741483,1.343687374749499
1.3527054108216432,1.3527054108216432
1.4488977955911824,1.3637274549098195
1.4659318637274548,1.3677354709418839
1.4959919839679359,1.3727454909819639
1.4979959919839678,1.374749498997996
1.376753507014028,1.376753507014028
1.3787575150300602,1.3787575150300602
,
,
,
